Data_Hora,IdTweet,Tweet,Candidato,Tweet_limpo,Sentimento_Final
2022-08-03 11:23:07+00:00,1554789959864918017,"@LulaOficial E nÃ£o anda mesmo, sÃ³ anda perto dos mortadelas pagos nÃ© ladrÃ£o cachaceiro ?",Lula," e nÃ£o anda mesmo, sÃ³ anda perto dos mortadelas pagos nÃ© ladrÃ£o cachaceiro ?",Neutro
2022-08-03 11:23:05+00:00,1554789948733247489,"No mesmo espaÃ§o do espaÃ§o do povo em Campina Grande que a multidÃ£o comeÃ§ou a cantar lula lÃ¡ com a @juliette lota novamente com a presenÃ§a de @LulaOficial para o ouvi e vÃª-lo.
Flamengo
Arrascaeta
O Corinthians
#BDSP
Molon
Gabigol
#VCnoJM
Ceciliano
O PT
Barroso
Provou
ALERJ
Rodinei https://t.co/pA5ZPGwtmK",Lula,no mesmo espaÃ§o do espaÃ§o do povo em campina grande que a multidÃ£o comeÃ§ou a cantar lula lÃ¡ com a  lota novamente com a presenÃ§a de  para o ouvi e vÃª-lo.flamengoarrascaetao corinthians#bdspmolongabigol#vcnojmcecilianoo ptbarrosoprovoualerjrodinei ,Negativo
2022-08-03 11:23:04+00:00,1554789947038736385,@AGazetaES @AmarildoCharges Bolsonaro ser preso e Lula presidente? esse Ã© nÃ­vel de torcida do jornaleco do nosso estado....#vergonhoso,Lula,  bolsonaro ser preso e lula presidente? esse Ã© nÃ­vel de torcida do jornaleco do nosso estado....,Neutro
2022-08-03 11:23:03+00:00,1554789942441742338,@LulaOficial @ricardostuckert Acabou a forÃ§a jÃ¡ deu,Lula,  acabou a forÃ§a jÃ¡ deu,Neutro
2022-08-03 11:23:02+00:00,1554789939023413250,"@PesqBR2022 Kkkkkkkkkkk tenho dÃ³ desse povo que ficou se iludindo desde marÃ§o do ano passado quando Lula foi descondenado. As pesquisas atÃ© agora nÃ£o foram nada alÃ©m de uma ilusÃ£o, a realidade vai comeÃ§ar a se impor nas prÃ³ximas semanas. Lula nÃ£o tem nem de longe a forÃ§a que tinha em 2006.",Lula," kkkkkkkkkkk tenho dÃ³ desse povo que ficou se iludindo desde marÃ§o do ano passado quando lula foi descondenado. as pesquisas atÃ© agora nÃ£o foram nada alÃ©m de uma ilusÃ£o, a realidade vai comeÃ§ar a se impor nas prÃ³ximas semanas. lula nÃ£o tem nem de longe a forÃ§a que tinha em 2006.",Neutro
2022-08-03 11:23:02+00:00,1554789936150233089,"@GruCelular @moro_deboche @LulaOficial @ricardostuckert 25 Mil KKKKK

#BolsonaroNoPrimeiroTurno ğŸ‡§ğŸ‡·ğŸ¶",Lula,    25 mil kkkkk#bolsonaronoprimeiroturno ğŸ‡§ğŸ‡·ğŸ¶,Neutro
2022-08-03 11:23:01+00:00,1554789933671501826,"@LulaOficial Estamos lhe aguardando, Presidente!ğŸ˜â¤ï¸ https://t.co/NzsTEiMFeo",Lula," estamos lhe aguardando, presidente!ğŸ˜â¤ï¸ ",Neutro
2022-08-03 11:23:00+00:00,1554789929674309634,@sidinei_s_lima @Nilsonhandebol @LulaOficial JÃ¡ seguir,Lula,   jÃ¡ seguir,Neutro
2022-08-03 11:23:00+00:00,1554789928936128512,"@folha ""ain Ã© mentira""
Disse o playboy vagabundo.

Atiram em nossos Ã´nibus e nÃ£o fazem nada, matam e agridem diariamente nossos amigos e ainda tem gente tentando jogar pra debaixo do tapete.

Sorte q ainda temos o Lula, pq pela revolta, eu votaria em alguÃ©m com apenas sangue no olho. https://t.co/XNRYdIRo8V",Lula," ""ain Ã© mentira""disse o playboy vagabundo.atiram em nossos Ã´nibus e nÃ£o fazem nada, matam e agridem diariamente nossos amigos e ainda tem gente tentando jogar pra debaixo do tapete.sorte q ainda temos o lula, pq pela revolta, eu votaria em alguÃ©m com apenas sangue no olho. ",Negativo
2022-08-03 11:22:58+00:00,1554789922116091911,"@fabio_pmw @brom_elisa @jairbolsonaro No Maranhao?
Zero chance.
Aqui Ã© Lula disparado 78%.",Lula,   no maranhao?zero chance.aqui Ã© lula disparado 78%.,Negativo
2022-08-03 11:22:58+00:00,1554789921893777408,@o_antagonista Por isso que esse verme apoia a volta do Lula.,Lula, por isso que esse verme apoia a volta do lula.,Neutro
2022-08-03 11:22:58+00:00,1554789919423340546,@Metropoles @jairbolsonaro @LulaOficial carteira de habilitaÃ§Ã£o de 5 pra 10 anos kkkkkkkkkkkkkkkkk,Lula,   carteira de habilitaÃ§Ã£o de 5 pra 10 anos kkkkkkkkkkkkkkkkk,Neutro
2022-08-03 11:22:55+00:00,1554789909675769856,@LulaOficial Tava manguaÃ§a quando tweetou kkkk,Lula, tava manguaÃ§a quando tweetou kkkk,Neutro
2022-08-03 11:22:55+00:00,1554789909403209730,Sres. A saber Lula ya tiene pensado en controlar las redes sociales y otras cuestiones bien de hdp. https://t.co/GE8yWPdBwx,Lula,sres. a saber lula ya tiene pensado en controlar las redes sociales y otras cuestiones bien de hdp. ,Neutro
2022-08-03 11:22:54+00:00,1554789906521759749,"@LulaOficial NÃ£o sei se o Sr. sabe mas a pandemia foi mundial! O negacionista derramou milhÃµes de doses de vacinas no sistema pÃºblico de saÃºde, foi nÃ£o? E, nÃ£o foi o governo que proibiu mÃ©dicos de tomarem decisÃµes, junto com o paciente, em relaÃ§Ã£o a que medicamentos usar! Se informe melhor!",Lula," nÃ£o sei se o sr. sabe mas a pandemia foi mundial! o negacionista derramou milhÃµes de doses de vacinas no sistema pÃºblico de saÃºde, foi nÃ£o? e, nÃ£o foi o governo que proibiu mÃ©dicos de tomarem decisÃµes, junto com o paciente, em relaÃ§Ã£o a que medicamentos usar! se informe melhor!",Negativo
2022-08-03 11:22:52+00:00,1554789895100669954,@LetyGomes15 @fabiojequie @LulaOficial @ricardostuckert https://t.co/t5sPSGH19F,Lula,    ,Neutro
2022-08-03 11:22:51+00:00,1554789890499420161,"@ricardostuckert @LulaOficial Se nÃ£o fosse o Bolsonaro 22, ela estaria sem Ã¡gua atÃ© agora. O PT usava a seca do nordeste pra iludir o povo.",Lula,"  se nÃ£o fosse o bolsonaro 22, ela estaria sem Ã¡gua atÃ© agora. o pt usava a seca do nordeste pra iludir o povo.",Neutro
2022-08-03 11:22:50+00:00,1554789886737223681,@cynaramenezes Tem um vÃ­deo do Lula por aÃ­ falando que pro Senado Ã© Ciciliano! NÃ£o me engana!,Lula, tem um vÃ­deo do lula por aÃ­ falando que pro senado Ã© ciciliano! nÃ£o me engana!,Neutro
2022-08-03 11:22:49+00:00,1554789881603293185,"@nilobento @VEJA @radaronline A pesquisa desse instituto a um mÃªs atrÃ¡s mostrava bolsonaro com 31, um mÃªs depois ele tem agora 32. Nossa, ele vai Subir mais de 12 pontos atÃ© outubro e lula vai cair 12? Kkkkkkkkkkkkkkkkk. Vai ser a primeira vez em toda histÃ³ria da eleiÃ§Ã£o se isso acontecer",Lula,"   a pesquisa desse instituto a um mÃªs atrÃ¡s mostrava bolsonaro com 31, um mÃªs depois ele tem agora 32. nossa, ele vai subir mais de 12 pontos atÃ© outubro e lula vai cair 12? kkkkkkkkkkkkkkkkk. vai ser a primeira vez em toda histÃ³ria da eleiÃ§Ã£o se isso acontecer",Neutro
2022-08-03 11:22:48+00:00,1554789878000484352,@LulaOficial Para os chineses vocÃª quer dizer.,Lula, para os chineses vocÃª quer dizer.,Neutro
2022-08-03 11:22:47+00:00,1554789876641538048,@LulaOficial Falou o ex presidiÃ¡rio que desviou mais de 200 bilhÃµes da saÃºde durante sua gestÃ£o.,Lula, falou o ex presidiÃ¡rio que desviou mais de 200 bilhÃµes da saÃºde durante sua gestÃ£o.,Neutro
2022-08-03 11:22:47+00:00,1554789876213620738,@LulaOficial @ricardostuckert Bora voltar pra Curitiba,Lula,  bora voltar pra curitiba,Neutro
2022-08-03 11:22:47+00:00,1554789874695389184,"Enquanto a diferenÃ§a entre @LulaOficial e #Bolsonaro cai, a exemplo da pesquisa do DataFolha, o PT/RJ retira o apoio a candidatura de @MarceloFreixo no Rio de Janeiro, berÃ§o polÃ­tico do presidente. O @ptbrasil, principal forÃ§a polÃ­tica da oposiÃ§Ã£o, precisa resolver essa situaÃ§Ã£o. https://t.co/NYEwZYYlFY",Lula,"enquanto a diferenÃ§a entre  e  cai, a exemplo da pesquisa do datafolha, o pt/rj retira o apoio a candidatura de  no rio de janeiro, berÃ§o polÃ­tico do presidente. o  principal forÃ§a polÃ­tica da oposiÃ§Ã£o, precisa resolver essa situaÃ§Ã£o. ",Negativo
2022-08-03 11:22:45+00:00,1554789867435053061,"@LulaOficial ""NÃ£o sabia a fonte, mas ia jogando nÃºmeros e eles me aplaudiam de pÃ© "" verme mentiroso",Lula," ""nÃ£o sabia a fonte, mas ia jogando nÃºmeros e eles me aplaudiam de pÃ© "" verme mentiroso",Neutro
2022-08-03 11:22:45+00:00,1554789865652469765,"ğŸ¤©60 DIASğŸ¤© 
@LulaOficial 
#LulaNo1ÂºTurno 
Bolsonaro e militares planejam um â€œReichstag brasileiroâ€ para incendiar o paÃ­s https://t.co/YNZqAFwshU",Lula,ğŸ¤©60 diasğŸ¤©   bolsonaro e militares planejam um â€œreichstag brasileiroâ€ para incendiar o paÃ­s ,Neutro
2022-08-03 11:22:44+00:00,1554789864075403267,"tÃ´ com medo das eleiÃ§Ãµes desse ano, o Brasil parece dividido entre Bolsonaro e Lula ğŸ˜£",Lula,"tÃ´ com medo das eleiÃ§Ãµes desse ano, o brasil parece dividido entre bolsonaro e lula ğŸ˜£",Neutro
2022-08-03 11:22:44+00:00,1554789863374856192,@LulaOficial NÃ£o sei mais se estou vivendo ou sÃ³ esperando esse dia chegar. ğŸ¥¹,Lula, nÃ£o sei mais se estou vivendo ou sÃ³ esperando esse dia chegar. ğŸ¥¹,Neutro
2022-08-03 11:22:43+00:00,1554789858727575552,@jairbolsonaro Obrigado PT ğŸ‰ğŸŠğŸŠğŸ‰ğŸ‰ğŸ‰ğŸ‰ğŸ‰ğŸŠğŸŠğŸ‰ğŸ‰ğŸ‰ğŸŠğŸ‰ obrigado Lula ğŸŠğŸŠğŸŠğŸŠğŸŠ obrigado Dilma ğŸ‰ğŸ‰ğŸ‰ğŸ‰ğŸ‰ğŸŠğŸ‰ğŸ‰ğŸ‰ğŸ‰ğŸ‰ğŸ‰ğŸ‰,Lula, obrigado pt ğŸ‰ğŸŠğŸŠğŸ‰ğŸ‰ğŸ‰ğŸ‰ğŸ‰ğŸŠğŸŠğŸ‰ğŸ‰ğŸ‰ğŸŠğŸ‰ obrigado lula ğŸŠğŸŠğŸŠğŸŠğŸŠ obrigado dilma ğŸ‰ğŸ‰ğŸ‰ğŸ‰ğŸ‰ğŸŠğŸ‰ğŸ‰ğŸ‰ğŸ‰ğŸ‰ğŸ‰ğŸ‰,Neutro
2022-08-03 11:22:43+00:00,1554789857758744576,@LetyGomes15 @fabiojequie @LulaOficial @ricardostuckert https://t.co/OZ1j52wH4E,Lula,    ,Neutro
2022-08-03 11:22:42+00:00,1554789855015698432,"@LulaOficial Ah! Vai chupar prego atÃ© virar tachinha!
VocÃª Ã© um canalha e covarde, alÃ©m de corrupto e lavador de dinheiro.",Lula," ah! vai chupar prego atÃ© virar tachinha!vocÃª Ã© um canalha e covarde, alÃ©m de corrupto e lavador de dinheiro.",Neutro
2022-08-03 11:22:42+00:00,1554789853598027776,"@LulaOficial Quem comprou a vacina que tu tomou,inÃºtil?",Lula," quem comprou a vacina que tu tomou,inÃºtil?",Neutro
2022-08-03 11:22:42+00:00,1554789853337997312,"@LulaOficial Cinismo e hipocrisia a gente encontra no PT,  a ORCRIM!",Lula," cinismo e hipocrisia a gente encontra no pt,  a orcrim!",Negativo
2022-08-03 11:22:42+00:00,1554789852251852800,GENIAL/QUAEST: DiferenÃ§a entre Lula e Bolsonaro cai para 12 pontos https://t.co/QzDPwWluiW https://t.co/N0yJbwbyZ1,Lula,genial/quaest: diferenÃ§a entre lula e bolsonaro cai para 12 pontos  ,Positivo
2022-08-03 11:22:41+00:00,1554789849797992449,@LulaOficial https://t.co/a7Ho484A6r,Lula, ,Neutro
2022-08-03 11:22:41+00:00,1554789849185525768,"@samiabomfim Quem apoia bandido eh bandido, o Ãºnico ex condenado eh o Lula!! Essas falÃ¡cias deveriam te colocar na cadeia tbm",Lula," quem apoia bandido eh bandido, o Ãºnico ex condenado eh o lula!! essas falÃ¡cias deveriam te colocar na cadeia tbm",Neutro
2022-08-03 11:22:40+00:00,1554789846882861056,@MarceloFreixo @LulaOficial @geraldoalckmin @cesarmaia Vc ainda apoia Lula ? Acho q nÃ£o,Lula,    vc ainda apoia lula ? acho q nÃ£o,Neutro
2022-08-03 11:22:40+00:00,1554789845318377474,@LulaOficial FaÃ§a chuva ou faÃ§a sol vai querer roubar o povo igual roubou por oito anos. Que Deus nos livre dessa maldiÃ§Ã£o. Tomara que o @LRobertoBarroso esteja certo que as urnas sejam inviolÃ¡veis nÃ£o sei como posso acreditar nisso se um hacker esteve seis meses fuÃ§ando lÃ¡ q Deus nos ajude,Lula, faÃ§a chuva ou faÃ§a sol vai querer roubar o povo igual roubou por oito anos. que deus nos livre dessa maldiÃ§Ã£o. tomara que o  esteja certo que as urnas sejam inviolÃ¡veis nÃ£o sei como posso acreditar nisso se um hacker esteve seis meses fuÃ§ando lÃ¡ q deus nos ajude,Neutro
2022-08-03 11:22:39+00:00,1554789843607109632,@gleisi @LulaOficial Lindo!,Lula,  lindo!,Neutro
2022-08-03 11:22:39+00:00,1554789843594625024,"@ThiagoResiste @LulaOficial Idiota, vc deve fazer parte de alguma gangue",Lula,"  idiota, vc deve fazer parte de alguma gangue",Neutro
2022-08-03 11:22:39+00:00,1554789843439345664,"@DouglasJustSan @APrimeiraVia Se o PSOL mantivesse firme em suas convicÃ§Ãµes poderia ser grande, mas como se vende em troca de cargos em um eventual governo Lula, tem a mesma moral sÃ³rdida e apodrecida do CentrÃ£o, o que PlÃ­nio de Arruda Sampaio e HeloÃ­sa Helena sempre repudiaram.",Lula,"  se o psol mantivesse firme em suas convicÃ§Ãµes poderia ser grande, mas como se vende em troca de cargos em um eventual governo lula, tem a mesma moral sÃ³rdida e apodrecida do centrÃ£o, o que plÃ­nio de arruda sampaio e heloÃ­sa helena sempre repudiaram.",Neutro
2022-08-03 11:22:39+00:00,1554789842873098241,"@nadiabambirra @ptbrasil @MarceloFreixo @alessandromolon @LulaOficial Observa a foto Ã© vÃª que essa chapa estava pronta a muito tempo, tirou uma casquinha do palanque.",Lula,"     observa a foto Ã© vÃª que essa chapa estava pronta a muito tempo, tirou uma casquinha do palanque.",Neutro
2022-08-03 11:22:37+00:00,1554789833217900544,@renancalheiros @LulaOficial Tu e teu compadre tem culpa no cartÃ³rio.,Lula,  tu e teu compadre tem culpa no cartÃ³rio.,Negativo
2022-08-03 11:22:37+00:00,1554789831334662152,@guimaraes13PT @LulaOficial https://t.co/cHIdHB0vDa,Lula,  ,Neutro
2022-08-03 11:22:36+00:00,1554789830088921090,"@LulaOficial Cala a boca LADRÃƒO, quanto morreram nas filas do SUS por falta do recursos que vc mandou roubou superfaturando obras, comprando polÃ­ticos, comprando jornalistas ou mandando para seus amiguinhos nos paÃ­ses comunistas.
Vc Ã© um cÃ¢ncer que vai ser extirpado! https://t.co/3wsgQvttbB",Lula," cala a boca ladrÃ£o, quanto morreram nas filas do sus por falta do recursos que vc mandou roubou superfaturando obras, comprando polÃ­ticos, comprando jornalistas ou mandando para seus amiguinhos nos paÃ­ses comunistas.vc Ã© um cÃ¢ncer que vai ser extirpado! ",Neutro
2022-08-03 11:22:34+00:00,1554789822337847296,"@LulaOficial @ricardostuckert kkkkkkkkkkkkkkkk, bela fake.",Lula,"  kkkkkkkkkkkkkkkk, bela fake.",Negativo
2022-08-03 11:22:34+00:00,1554789821238976514,"@LulaOficial e a QUADRILHA DOS TRABALHADORES destruÃ­ram o Brasil.

O paÃ­s foi tomado de assalto pelo PT e o CHEFÃƒO MAFIOSO.",Lula, e a quadrilha dos trabalhadores destruÃ­ram o brasil.o paÃ­s foi tomado de assalto pelo pt e o chefÃ£o mafioso.,Neutro
2022-08-03 11:22:34+00:00,1554789820333019137,"@LulaOficial Psiu!! ""Isso Ã© Serio""!!",Lula," psiu!! ""isso Ã© serio""!!",Neutro
2022-08-03 11:22:33+00:00,1554789817401196544,"@Ricardojotac @Metropoles @jairbolsonaro @LulaOficial Bolsonaro anda lado a lado com Costa Neto, Bob Jeff, Arruda, e tu quer fazer graÃ§a? Hahahah me poupe!",Lula,"    bolsonaro anda lado a lado com costa neto, bob jeff, arruda, e tu quer fazer graÃ§a? hahahah me poupe!",Neutro
2022-08-03 11:22:33+00:00,1554789815635398656,@luz_belinha @ThiagoResiste @LulaOficial https://t.co/O1904oSSKN,Lula,   ,Neutro
2022-08-03 11:22:32+00:00,1554789811025842176,"@LulaOficial Em 16 anos foi sÃ³ enchendo os bolsos, agora quer fazer alguma coisa! Francamente, quanta hipocrisia!",Lula," em 16 anos foi sÃ³ enchendo os bolsos, agora quer fazer alguma coisa! francamente, quanta hipocrisia!",Neutro
2022-08-03 11:22:31+00:00,1554789809608171522,@LulaOficial ğŸ™„ğŸ™„ğŸ™„ğŸ™„ğŸ™„ğŸ™„,Lula, ğŸ™„ğŸ™„ğŸ™„ğŸ™„ğŸ™„ğŸ™„,Neutro
2022-08-03 11:23:10+00:00,1554789970820333568,"Barroso Ã© muito educado ao chamar o miliciano Bolsonaro de â€œmau perdedorâ€. Eu teria dito na lata: Bolsonaro, o criminoso Ã© vocÃª, ladrÃ£o de dinheiro pÃºblico, corrupto, mamador de cartÃ£o corporativo, incompetente e genocida.",Bolsonaro,"barroso Ã© muito educado ao chamar o miliciano bolsonaro de â€œmau perdedorâ€. eu teria dito na lata: bolsonaro, o criminoso Ã© vocÃª, ladrÃ£o de dinheiro pÃºblico, corrupto, mamador de cartÃ£o corporativo, incompetente e genocida.",Neutro
2022-08-03 11:23:09+00:00,1554789969297801217,"â€œLula es una persona que ya tiene 76 aÃ±os, podrÃ­a estar en su casa viviendo tranquilamente pero estÃ¡ atendiendo a un llamamiento del pueblo brasileÃ±o para construir nuestro paÃ­s que fue destruido por dos gobiernos: uno golpista y el cripto fascista de Bolsonaroâ€ğŸ“@senadorhumberto",Bolsonaro,"â€œlula es una persona que ya tiene 76 aÃ±os, podrÃ­a estar en su casa viviendo tranquilamente pero estÃ¡ atendiendo a un llamamiento del pueblo brasileÃ±o para construir nuestro paÃ­s que fue destruido por dos gobiernos: uno golpista y el cripto fascista de bolsonaroâ€ğŸ“",Neutro
2022-08-03 11:23:09+00:00,1554789966814875650,"@jairbolsonaro EstÃ¡ a caminho um novo golpe, uma nova facada  um novo riocentro https://t.co/5yWKyL7oeD",Bolsonaro," estÃ¡ a caminho um novo golpe, uma nova facada  um novo riocentro ",Neutro
2022-08-03 11:23:08+00:00,1554789963073572864,"@gugachacra JÃ¡ sei: todas construÃ­das durante o Governo Bolsonaro, nÃ©? NÃ£o, pq tudo comeÃ§ou a existir a partir de 2019. 
PCC com armas pesadas, desmatamento da AmazÃ´nia...",Bolsonaro," jÃ¡ sei: todas construÃ­das durante o governo bolsonaro, nÃ©? nÃ£o, pq tudo comeÃ§ou a existir a partir de 2019. pcc com armas pesadas, desmatamento da amazÃ´nia...",Neutro
2022-08-03 11:23:08+00:00,1554789962658332673,@MarcosMontesBR @jairbolsonaro https://t.co/dSseW4mpeT,Bolsonaro,  ,Neutro
2022-08-03 11:23:08+00:00,1554789962641555458,"â€œReaÃ§Ã£o de Bolsonaro Ã© tÃ­pica de criminososâ€, afirma Chico Vigilante https://t.co/obpUNKfDCg https://t.co/JTAbX0yJ8J",Bolsonaro,"â€œreaÃ§Ã£o de bolsonaro Ã© tÃ­pica de criminososâ€, afirma chico vigilante  ",Neutro
2022-08-03 11:23:04+00:00,1554789947038736385,@AGazetaES @AmarildoCharges Bolsonaro ser preso e Lula presidente? esse Ã© nÃ­vel de torcida do jornaleco do nosso estado....#vergonhoso,Bolsonaro,  bolsonaro ser preso e lula presidente? esse Ã© nÃ­vel de torcida do jornaleco do nosso estado....,Neutro
2022-08-03 11:23:03+00:00,1554789942034825218,"@CarlosBolsonaro 
Bom dia. Tudo bem? Vc tem como passar o programa de governo do Bolsonaro e equipe para 2022/2026?
Grato
Brasil acima de tudo Deus acima de todos",Bolsonaro, bom dia. tudo bem? vc tem como passar o programa de governo do bolsonaro e equipe para 2022/2026?gratobrasil acima de tudo deus acima de todos,Neutro
2022-08-03 11:23:01+00:00,1554789935223373824,"@Claudio95693499 @RagazziSodre @Lojas_Renner @jairbolsonaro Ã‰ porae
Segue de volta",Bolsonaro,    Ã© poraesegue de volta,Neutro
2022-08-03 11:23:00+00:00,1554789930680950785,eu acho que se bolsonaro fosse preso eu nao reclamaria mais de nada esse ano,Bolsonaro,eu acho que se bolsonaro fosse preso eu nao reclamaria mais de nada esse ano,Neutro
2022-08-03 11:23:00+00:00,1554789928587988992,#VamosBrasil @jairbolsonaro https://t.co/9uIwuCWt2u,Bolsonaro,  ,Neutro
2022-08-03 11:22:58+00:00,1554789922116091911,"@fabio_pmw @brom_elisa @jairbolsonaro No Maranhao?
Zero chance.
Aqui Ã© Lula disparado 78%.",Bolsonaro,   no maranhao?zero chance.aqui Ã© lula disparado 78%.,Negativo
2022-08-03 11:22:58+00:00,1554789919423340546,@Metropoles @jairbolsonaro @LulaOficial carteira de habilitaÃ§Ã£o de 5 pra 10 anos kkkkkkkkkkkkkkkkk,Bolsonaro,   carteira de habilitaÃ§Ã£o de 5 pra 10 anos kkkkkkkkkkkkkkkkk,Neutro
2022-08-03 11:22:57+00:00,1554789916122431490,"53%! Bozo tem 55%
Ciro sÃ³ nÃ£o desiste porque o espÃ­rito democrÃ¡tico e o bom- senso foram substituÃ­dos pelo rancor biliar.

RejeiÃ§Ã£o de Ciro Gomes Ã© semelhante a de Bolsonaro https://t.co/shMdoIEjkS",Bolsonaro,53%! bozo tem 55%ciro sÃ³ nÃ£o desiste porque o espÃ­rito democrÃ¡tico e o bom- senso foram substituÃ­dos pelo rancor biliar.rejeiÃ§Ã£o de ciro gomes Ã© semelhante a de bolsonaro ,Neutro
2022-08-03 11:22:57+00:00,1554789915044597765,@jairbolsonaro Inaugurar obra dos outros Ã© muito fÃ¡cil! Diga aÃ­ â€œpresidenteâ€ um grande obra do seu governo! Ah nÃ£o vale dizer que tem bandeira do Brasil em todo canto kkkkkkkkk,Bolsonaro, inaugurar obra dos outros Ã© muito fÃ¡cil! diga aÃ­ â€œpresidenteâ€ um grande obra do seu governo! ah nÃ£o vale dizer que tem bandeira do brasil em todo canto kkkkkkkkk,Neutro
2022-08-03 11:22:56+00:00,1554789914507624448,@CarlosBolsonaro @elisetedaros2 @jairbolsonaro Essa Ã© a verdade,Bolsonaro,   essa Ã© a verdade,Neutro
2022-08-03 11:22:55+00:00,1554789907255672832,"@Eulavomeucarv Fala nÃ£o, pensa num voto perdido, foi o qe dei a Bolsonaro em 2018. Se eu soubesse q ia ser essa tragÃ©dia n tinha votado no safado.",Bolsonaro," fala nÃ£o, pensa num voto perdido, foi o qe dei a bolsonaro em 2018. se eu soubesse q ia ser essa tragÃ©dia n tinha votado no safado.",Negativo
2022-08-03 11:22:53+00:00,1554789899202592768,@jairbolsonaro Que Deus nos livre de vocÃª.,Bolsonaro, que deus nos livre de vocÃª.,Neutro
2022-08-03 11:22:52+00:00,1554789896576966657,@jairbolsonaro https://t.co/UdWjbDgVU1,Bolsonaro, ,Neutro
2022-08-03 11:22:51+00:00,1554789893179674625,"Bolsonaro Ã© o melhor presidente da HistÃ³ria, MAS chama muito palavrÃ£o! https://t.co/ID7TNsAFDi",Bolsonaro,"bolsonaro Ã© o melhor presidente da histÃ³ria, mas chama muito palavrÃ£o! ",Neutro
2022-08-03 11:22:51+00:00,1554789891686498304,@Clevers04087211 @LucianoHangBr Vdd Ã© culpa do Bolsonaro ele diminuiu drasticamente a corrupÃ§Ã£o dos governos anteriores,Bolsonaro,  vdd Ã© culpa do bolsonaro ele diminuiu drasticamente a corrupÃ§Ã£o dos governos anteriores,Neutro
2022-08-03 11:22:51+00:00,1554789890499420161,"@ricardostuckert @LulaOficial Se nÃ£o fosse o Bolsonaro 22, ela estaria sem Ã¡gua atÃ© agora. O PT usava a seca do nordeste pra iludir o povo.",Bolsonaro,"  se nÃ£o fosse o bolsonaro 22, ela estaria sem Ã¡gua atÃ© agora. o pt usava a seca do nordeste pra iludir o povo.",Neutro
2022-08-03 11:22:50+00:00,1554789886300983297,"@Motioquero @Estadao @EstadaoPolitica Kkkkkkkkkkk. Por isso que vc apoia o Bolsonaro entÃ£o. Combo Eduardo cunha, Fernando collor. Waldemar presidente do PP. todos que jÃ¡ foram condenados pela justiÃ§a e um sofreu impeachment.",Bolsonaro,"   kkkkkkkkkkk. por isso que vc apoia o bolsonaro entÃ£o. combo eduardo cunha, fernando collor. waldemar presidente do pp. todos que jÃ¡ foram condenados pela justiÃ§a e um sofreu impeachment.",Neutro
2022-08-03 11:22:49+00:00,1554789881603293185,"@nilobento @VEJA @radaronline A pesquisa desse instituto a um mÃªs atrÃ¡s mostrava bolsonaro com 31, um mÃªs depois ele tem agora 32. Nossa, ele vai Subir mais de 12 pontos atÃ© outubro e lula vai cair 12? Kkkkkkkkkkkkkkkkk. Vai ser a primeira vez em toda histÃ³ria da eleiÃ§Ã£o se isso acontecer",Bolsonaro,"   a pesquisa desse instituto a um mÃªs atrÃ¡s mostrava bolsonaro com 31, um mÃªs depois ele tem agora 32. nossa, ele vai subir mais de 12 pontos atÃ© outubro e lula vai cair 12? kkkkkkkkkkkkkkkkk. vai ser a primeira vez em toda histÃ³ria da eleiÃ§Ã£o se isso acontecer",Neutro
2022-08-03 11:22:48+00:00,1554789881469075457,@oLucaslm @pinktragic @jairbolsonaro passa por lavagem cerebral,Bolsonaro,   passa por lavagem cerebral,Neutro
2022-08-03 11:22:48+00:00,1554789881410371584,@jairbolsonaro Cara vc Ã© vergonha mundial e quer falar de outros paÃ­ses seu COMÃ‰DIA!!!!!,Bolsonaro, cara vc Ã© vergonha mundial e quer falar de outros paÃ­ses seu comÃ©dia!!!!!,Neutro
2022-08-03 11:22:48+00:00,1554789880231870469,@JoaoeduardoBen1 @jairbolsonaro alguem precisa hablar,Bolsonaro,  alguem precisa hablar,Neutro
2022-08-03 11:22:48+00:00,1554789879950839810,@jairbolsonaro Realmente estÃ£o dispostos a fazer isso.Os Brasileiros precisam levar isso a sÃ©rio.Esquerda Nunca Mais,Bolsonaro, realmente estÃ£o dispostos a fazer isso.os brasileiros precisam levar isso a sÃ©rio.esquerda nunca mais,Neutro
2022-08-03 11:22:47+00:00,1554789876436029441,"@folha 4) Inventar teorias da conspiraÃ§Ã£o contra a direita; 
5) partir para o desespero quando Bolsonaro liderar nas urnas o primeiro;
6) Fazer tudo para incriminar o presidente; 
7) ajudar e forÃ§ar a eleiÃ§Ã£o de um condenado. 

E dizem que isso Ã© democracia.",Bolsonaro, 4) inventar teorias da conspiraÃ§Ã£o contra a direita; 5) partir para o desespero quando bolsonaro liderar nas urnas o primeiro;6) fazer tudo para incriminar o presidente; 7) ajudar e forÃ§ar a eleiÃ§Ã£o de um condenado. e dizem que isso Ã© democracia.,Neutro
2022-08-03 11:22:47+00:00,1554789874695389184,"Enquanto a diferenÃ§a entre @LulaOficial e #Bolsonaro cai, a exemplo da pesquisa do DataFolha, o PT/RJ retira o apoio a candidatura de @MarceloFreixo no Rio de Janeiro, berÃ§o polÃ­tico do presidente. O @ptbrasil, principal forÃ§a polÃ­tica da oposiÃ§Ã£o, precisa resolver essa situaÃ§Ã£o. https://t.co/NYEwZYYlFY",Bolsonaro,"enquanto a diferenÃ§a entre  e  cai, a exemplo da pesquisa do datafolha, o pt/rj retira o apoio a candidatura de  no rio de janeiro, berÃ§o polÃ­tico do presidente. o  principal forÃ§a polÃ­tica da oposiÃ§Ã£o, precisa resolver essa situaÃ§Ã£o. ",Negativo
2022-08-03 11:22:46+00:00,1554789870085836801,@pinktragic @JailtonBSantos3 @jairbolsonaro E vc jÃ¡ viu bolsominion inteligente? KKK https://t.co/F9b0FOCgdi,Bolsonaro,   e vc jÃ¡ viu bolsominion inteligente? kkk ,Neutro
2022-08-03 11:22:45+00:00,1554789866159882241,"@BlogdoNoblat @BrenoGaspar23 TambÃ©m aconteceu no caso do acesso dos assassinos de Marielle no condomÃ­nio que Bolsonaro mora. O filho Carluxo filmou a si mesmo acessando os dados do condomÃ­nio. Logo em seguida saiu uma versÃ£o de que o porteiro havia ""inventado"" dados. Tudo isso sem estardalhaÃ§o.",Bolsonaro,"  tambÃ©m aconteceu no caso do acesso dos assassinos de marielle no condomÃ­nio que bolsonaro mora. o filho carluxo filmou a si mesmo acessando os dados do condomÃ­nio. logo em seguida saiu uma versÃ£o de que o porteiro havia ""inventado"" dados. tudo isso sem estardalhaÃ§o.",Negativo
2022-08-03 11:22:45+00:00,1554789865652469765,"ğŸ¤©60 DIASğŸ¤© 
@LulaOficial 
#LulaNo1ÂºTurno 
Bolsonaro e militares planejam um â€œReichstag brasileiroâ€ para incendiar o paÃ­s https://t.co/YNZqAFwshU",Bolsonaro,ğŸ¤©60 diasğŸ¤©   bolsonaro e militares planejam um â€œreichstag brasileiroâ€ para incendiar o paÃ­s ,Neutro
2022-08-03 11:22:44+00:00,1554789864075403267,"tÃ´ com medo das eleiÃ§Ãµes desse ano, o Brasil parece dividido entre Bolsonaro e Lula ğŸ˜£",Bolsonaro,"tÃ´ com medo das eleiÃ§Ãµes desse ano, o brasil parece dividido entre bolsonaro e lula ğŸ˜£",Neutro
2022-08-03 11:22:44+00:00,1554789863366467585,"@radardamidia @jairbolsonaro se fosse este um pais serio,Bozolao psicopata jaestaria encarcerado!!!",Bolsonaro,"  se fosse este um pais serio,bozolao psicopata jaestaria encarcerado!!!",Neutro
2022-08-03 11:22:43+00:00,1554789858727575552,@jairbolsonaro Obrigado PT ğŸ‰ğŸŠğŸŠğŸ‰ğŸ‰ğŸ‰ğŸ‰ğŸ‰ğŸŠğŸŠğŸ‰ğŸ‰ğŸ‰ğŸŠğŸ‰ obrigado Lula ğŸŠğŸŠğŸŠğŸŠğŸŠ obrigado Dilma ğŸ‰ğŸ‰ğŸ‰ğŸ‰ğŸ‰ğŸŠğŸ‰ğŸ‰ğŸ‰ğŸ‰ğŸ‰ğŸ‰ğŸ‰,Bolsonaro, obrigado pt ğŸ‰ğŸŠğŸŠğŸ‰ğŸ‰ğŸ‰ğŸ‰ğŸ‰ğŸŠğŸŠğŸ‰ğŸ‰ğŸ‰ğŸŠğŸ‰ obrigado lula ğŸŠğŸŠğŸŠğŸŠğŸŠ obrigado dilma ğŸ‰ğŸ‰ğŸ‰ğŸ‰ğŸ‰ğŸŠğŸ‰ğŸ‰ğŸ‰ğŸ‰ğŸ‰ğŸ‰ğŸ‰,Neutro
2022-08-03 11:22:42+00:00,1554789852251852800,GENIAL/QUAEST: DiferenÃ§a entre Lula e Bolsonaro cai para 12 pontos https://t.co/QzDPwWluiW https://t.co/N0yJbwbyZ1,Bolsonaro,genial/quaest: diferenÃ§a entre lula e bolsonaro cai para 12 pontos  ,Positivo
2022-08-03 11:22:40+00:00,1554789846140551168,@bibonunes1 @jairbolsonaro Chora urubu ğŸ˜‚ğŸ˜‚,Bolsonaro,  chora urubu ğŸ˜‚ğŸ˜‚,Neutro
2022-08-03 11:22:39+00:00,1554789841203855360,"@jairbolsonaro O incompetente nÃ£o cuida nem do prÃ³prio paÃ­s e quer dar pitaco na casa dos outros. A pobreza, fome e desemprego estÃ£o Ã© bem aqui no Brasil. Mas, tem que ser muito corno mesmo, viu.",Bolsonaro," o incompetente nÃ£o cuida nem do prÃ³prio paÃ­s e quer dar pitaco na casa dos outros. a pobreza, fome e desemprego estÃ£o Ã© bem aqui no brasil. mas, tem que ser muito corno mesmo, viu.",Negativo
2022-08-03 11:22:34+00:00,1554789821612171264,@marcofeliciano @jairbolsonaro ğŸ‘ğŸ‘ğŸ‘ğŸ‘,Bolsonaro,  ğŸ‘ğŸ‘ğŸ‘ğŸ‘,Neutro
2022-08-03 11:22:33+00:00,1554789817401196544,"@Ricardojotac @Metropoles @jairbolsonaro @LulaOficial Bolsonaro anda lado a lado com Costa Neto, Bob Jeff, Arruda, e tu quer fazer graÃ§a? Hahahah me poupe!",Bolsonaro,"    bolsonaro anda lado a lado com costa neto, bob jeff, arruda, e tu quer fazer graÃ§a? hahahah me poupe!",Neutro
2022-08-03 11:22:30+00:00,1554789805854277634,sensitiva e eleitora do bolsonaro n combinam amor mude de personalidade,Bolsonaro,sensitiva e eleitora do bolsonaro n combinam amor mude de personalidade,Positivo
2022-08-03 11:22:30+00:00,1554789802611990530,"Para o terror do PT, TarcÃ­sio deve garantir a reeleiÃ§Ã£o de Bolsonaro https://t.co/Ui1wzvaTmd",Bolsonaro,"para o terror do pt, tarcÃ­sio deve garantir a reeleiÃ§Ã£o de bolsonaro ",Negativo
2022-08-03 11:22:29+00:00,1554789799902453765,@jairbolsonaro MisericÃ³rdia. Quanta decadÃªncia do ser humano,Bolsonaro, misericÃ³rdia. quanta decadÃªncia do ser humano,Neutro
2022-08-03 11:22:26+00:00,1554789789190262784,"Para o terror do PT, TarcÃ­sio deve garantir a reeleiÃ§Ã£o de Bolsonaro https://t.co/GCT2BYX7J4",Bolsonaro,"para o terror do pt, tarcÃ­sio deve garantir a reeleiÃ§Ã£o de bolsonaro ",Negativo
2022-08-03 11:22:26+00:00,1554789787441274881,"'Tosco', Bolsonaro sente 'ira' com inÃ©dita 'rejeiÃ§Ã£o de banqueiros', que preparam chegada de Lula, diz jornalista https://t.co/NJIIwxJB1U",Bolsonaro,"'tosco', bolsonaro sente 'ira' com inÃ©dita 'rejeiÃ§Ã£o de banqueiros', que preparam chegada de lula, diz jornalista ",Neutro
2022-08-03 11:22:25+00:00,1554789783842574337,@jairbolsonaro #ForaBolsonaroeSuaQuadrilha #LulaNoPrimeiroTurno https://t.co/2K8RzsjRd7,Bolsonaro,   ,Neutro
2022-08-03 11:22:25+00:00,1554789782152265730,"@Metropoles @jairbolsonaro @LulaOficial A ideia Ã© comparecer aos debates para mostrar o que nÃ³s fizemos
O direito de se manter em silÃªncio ele nÃ£o vai usar",Bolsonaro,   a ideia Ã© comparecer aos debates para mostrar o que nÃ³s fizemoso direito de se manter em silÃªncio ele nÃ£o vai usar,Neutro
2022-08-03 11:22:22+00:00,1554789770974355456,"Novamente, Bolsonaro ficarÃ¡ frente a frente com Bonner e Renata e a Globo deve pegar ""fogo"" (veja o vÃ­deo) https://t.co/LEW7d0JCnG",Bolsonaro,"novamente, bolsonaro ficarÃ¡ frente a frente com bonner e renata e a globo deve pegar ""fogo"" (veja o vÃ­deo) ",Neutro
2022-08-03 11:22:22+00:00,1554789769112059905,@JoseMedeirosMT @jairbolsonaro Ele Ã©  obrigado pela constituiÃ§Ã£o?,Bolsonaro,  ele Ã©  obrigado pela constituiÃ§Ã£o?,Neutro
2022-08-03 11:22:21+00:00,1554789765962244096,"@GuilhermeBoulos Seu bolo de merda.
Bolsonaro 22 ğŸ‘‰ğŸ‘‰ğŸ‘‰.",Bolsonaro, seu bolo de merda.bolsonaro 22 ğŸ‘‰ğŸ‘‰ğŸ‘‰.,Neutro
2022-08-03 11:23:08+00:00,1554789965292359680,Bom dia e jÃ¡ podemos comeÃ§ar a nos preocupar com o 5% que disseram que irÃ£o votar no Ciro Gomes. Esse 5% pode fazer a bagaÃ§a ir pra segundo turno a toa.,Ciro Gomes,bom dia e jÃ¡ podemos comeÃ§ar a nos preocupar com o 5% que disseram que irÃ£o votar no ciro gomes. esse 5% pode fazer a bagaÃ§a ir pra segundo turno a toa.,Negativo
2022-08-03 11:22:57+00:00,1554789916122431490,"53%! Bozo tem 55%
Ciro sÃ³ nÃ£o desiste porque o espÃ­rito democrÃ¡tico e o bom- senso foram substituÃ­dos pelo rancor biliar.

RejeiÃ§Ã£o de Ciro Gomes Ã© semelhante a de Bolsonaro https://t.co/shMdoIEjkS",Ciro Gomes,53%! bozo tem 55%ciro sÃ³ nÃ£o desiste porque o espÃ­rito democrÃ¡tico e o bom- senso foram substituÃ­dos pelo rancor biliar.rejeiÃ§Ã£o de ciro gomes Ã© semelhante a de bolsonaro ,Neutro
2022-08-03 11:22:41+00:00,1554789849852514304,"@AnarcoFino @cirogomes Tudo esse bla bla bla pra nÃ£o falar q o governo de uma certa esquerda foi oq mais prendeu, encarceirou e matou pretos e pobres...",Ciro Gomes,"  tudo esse bla bla bla pra nÃ£o falar q o governo de uma certa esquerda foi oq mais prendeu, encarceirou e matou pretos e pobres...",Neutro
2022-08-03 11:22:39+00:00,1554789840285204480,"VocÃªs que ainda nÃ£o vÃ£o de Ciro Gomes Ã© porque vocÃªs ainda nÃ£o viram o quanto ele representa vocÃªs! 
O projeto acaba despertando isso pois quando vc lÃª, lÃ¡ estÃ¡ o problema que pode estar atrasando sua vida. 
No meu caso educaÃ§Ã£o integral! 
#CIROGAMES",Ciro Gomes,"vocÃªs que ainda nÃ£o vÃ£o de ciro gomes Ã© porque vocÃªs ainda nÃ£o viram o quanto ele representa vocÃªs! o projeto acaba despertando isso pois quando vc lÃª, lÃ¡ estÃ¡ o problema que pode estar atrasando sua vida. no meu caso educaÃ§Ã£o integral! ",Negativo
2022-08-03 11:22:29+00:00,1554789800347049984,@BrunoERodrigues @cirogomes Petistas jÃ¡ justificando o conchavo politico.,Ciro Gomes,  petistas jÃ¡ justificando o conchavo politico.,Neutro
2022-08-03 11:22:18+00:00,1554789754302078977,"@JornalismoWando @cirogomes Doutor em Direito Constitucional por Harvard, Adilson Moreira explica as diferenÃ§as entre os crimes de racismo e injÃºria racial. Ele diz que Ã© preciso promover mudanÃ§a na legislaÃ§Ã£o brasileira sobre o racismo",Ciro Gomes,"  doutor em direito constitucional por harvard, adilson moreira explica as diferenÃ§as entre os crimes de racismo e injÃºria racial. ele diz que Ã© preciso promover mudanÃ§a na legislaÃ§Ã£o brasileira sobre o racismo",Neutro
2022-08-03 11:22:16+00:00,1554789745674313728,"Voto no @cirogomes muito mais fÃ¡cil que achar as esferas do DragÃ£o kkkk
#CiroUnicaVia https://t.co/P3FSZDCx6a",Ciro Gomes,voto no  muito mais fÃ¡cil que achar as esferas do dragÃ£o kkkk#cirounicavia ,Negativo
2022-08-03 11:22:06+00:00,1554789703504826369,"@cirogomes @DiraPaes VocÃª Ã© um grande homem,tem todo meu respeito e admiraÃ§Ã£o tambÃ©m ğŸ™",Ciro Gomes,"  vocÃª Ã© um grande homem,tem todo meu respeito e admiraÃ§Ã£o tambÃ©m ğŸ™",Neutro
2022-08-03 11:22:05+00:00,1554789700707270656,@cirogomes Povo tem que se revoltar contra esse juros criminosos dos bancos. Agiotagem legalizada com o aval do Estado.,Ciro Gomes, povo tem que se revoltar contra esse juros criminosos dos bancos. agiotagem legalizada com o aval do estado.,Neutro
2022-08-03 11:21:57+00:00,1554789664921456647,"Eu sempre dizia ""Poxa, o Ciro nÃ£o me ajuda a gostar dele, haha."" Depois dessa de chamar as polÃ­ticas voltadas a mulheres, negros e LGBTQIAP+ de ""papo furado"", eu quero Ã© que vocÃª vÃ¡ se lascar, @cirogomes",Ciro Gomes,"eu sempre dizia ""poxa, o ciro nÃ£o me ajuda a gostar dele, haha."" depois dessa de chamar as polÃ­ticas voltadas a mulheres, negros e lgbtqiap+ de ""papo furado"", eu quero Ã© que vocÃª vÃ¡ se lascar, ",Positivo
2022-08-03 11:21:52+00:00,1554789645879222274,"@JornalismoWando @cirogomes Se Ã© crime inafianÃ§Ã¡vel, por que Ã© tÃ£o difÃ­cil punir o racismo com rigor no Brasil? CUT BRASIL",Ciro Gomes,"  se Ã© crime inafianÃ§Ã¡vel, por que Ã© tÃ£o difÃ­cil punir o racismo com rigor no brasil? cut brasil",Negativo
2022-08-03 11:21:52+00:00,1554789643345854465,"@thiagogdem @darasantanna @cirogomes Nasci e cresci no PDT. Meu pai Ã© um dos fundadores. SaÃ­ em 2019 e concordo com o ""PTexplaining"". Porque quem ainda estÃ¡ dentro do partido parece nÃ£o enxergar o qto se distanciaram de suas origens.",Ciro Gomes,"   nasci e cresci no pdt. meu pai Ã© um dos fundadores. saÃ­ em 2019 e concordo com o ""ptexplaining"". porque quem ainda estÃ¡ dentro do partido parece nÃ£o enxergar o qto se distanciaram de suas origens.",Negativo
2022-08-03 11:21:52+00:00,1554789642700029953,@fernandobarros O PT sempre fez isto com os partidos aliados. Em 2018 rejeitou alianÃ§a com o @cirogomes e sustentou a candidatura do Haddad mesmo sabendo que ele nÃ£o era competitivo frente ao Bolsonaro no 2turno. E ainda fica cobrando lealdade dos partidos.,Ciro Gomes, o pt sempre fez isto com os partidos aliados. em 2018 rejeitou alianÃ§a com o  e sustentou a candidatura do haddad mesmo sabendo que ele nÃ£o era competitivo frente ao bolsonaro no 2turno. e ainda fica cobrando lealdade dos partidos.,Negativo
2022-08-03 11:21:49+00:00,1554789633820696576,"@darasantanna @cirogomes AdmirÃ¡vel o seu gesto de refrescar a memÃ³ria do candidato, pena que, do alto de sua egotrip tresloucada, ele jamais farÃ¡ revisÃ£o de suas falas, atos e muito menos das ideias. Siru virou algoz de si mesmo, carcomido pelo ressentimento que carrega. E isso cega.",Ciro Gomes,"  admirÃ¡vel o seu gesto de refrescar a memÃ³ria do candidato, pena que, do alto de sua egotrip tresloucada, ele jamais farÃ¡ revisÃ£o de suas falas, atos e muito menos das ideias. siru virou algoz de si mesmo, carcomido pelo ressentimento que carrega. e isso cega.",Neutro
2022-08-03 11:21:44+00:00,1554789609795616768,"@cirogomes 5% talvez 6% nÃ£o passa disso, mas Ã© pra valer.",Ciro Gomes," 5% talvez 6% nÃ£o passa disso, mas Ã© pra valer.",Neutro
2022-08-03 11:21:40+00:00,1554789592255156225,@darasantanna @cirogomes @daibarcarol olha isso,Ciro Gomes,   olha isso,Neutro
2022-08-03 11:21:38+00:00,1554789585384837120,"@mmdds89 @JonathasLopesPB @UOL Amigo exagero Ã© continua na mÃ£os dos banqueiros controlando os extremistas. Ciro Gomes Ã© Ãºnico preparado com projeto disposto a ser questionado e avaliado pra receber seu voto. 
Pesquisa aÃ­ #cironoavesso",Ciro Gomes,   amigo exagero Ã© continua na mÃ£os dos banqueiros controlando os extremistas. ciro gomes Ã© Ãºnico preparado com projeto disposto a ser questionado e avaliado pra receber seu voto. pesquisa aÃ­ ,Neutro
2022-08-03 11:21:15+00:00,1554789490597793794,"@violetadosanjos @LucioArturSa @cirogomes Quem ioga sujo por poder e o PT.

Ã‰ ele que estÃ¡ atrapalhando a disputa, ou melhor, estÃ¡ atrapalhando o Brasil.",Ciro Gomes,"   quem ioga sujo por poder e o pt.Ã© ele que estÃ¡ atrapalhando a disputa, ou melhor, estÃ¡ atrapalhando o brasil.",Neutro
2022-08-03 11:21:12+00:00,1554789477234753537,@cirogomes Igual tinha pro CearÃ¡? Gracas ao Bozo tÃ¡ chegando agua praquele povo da sua terra.,Ciro Gomes, igual tinha pro cearÃ¡? gracas ao bozo tÃ¡ chegando agua praquele povo da sua terra.,Neutro
2022-08-03 11:20:52+00:00,1554789392765575171,"@cirogomes Ã‰ CoronÃ©...xinga o Loola, mete o pau na esquerda...vem segundo turno e vc volta cheio de amores...por isso Ã© Bolsonaro 2022.",Ciro Gomes," Ã© coronÃ©...xinga o loola, mete o pau na esquerda...vem segundo turno e vc volta cheio de amores...por isso Ã© bolsonaro 2022.",Neutro
2022-08-03 11:20:37+00:00,1554789329997815808,"@cirogomes Deixa de mentira, CoronÃ©...tem taxas muito menores (e nenhuma chega a 80%). Larga mÃ£o de ser mentiroso...

https://t.co/B0g41V7PeO",Ciro Gomes," deixa de mentira, coronÃ©...tem taxas muito menores (e nenhuma chega a 80%). larga mÃ£o de ser mentiroso...",Neutro
2022-08-03 11:20:27+00:00,1554789286150651904,"@CaioStormshadow @gustavations @cirogomes Essa ideia preconceituosa e estigmatizante contra nordestinos tem nome, sabia? E vc sabe qual Ã© e o que ela significa. Tb encerrarei a discussÃ£o pq, nesse nÃ­vel aÃ­, nÃ£o tem condiÃ§Ã£o. Mostrou muita coisa pra quem quer ver.",Ciro Gomes,"   essa ideia preconceituosa e estigmatizante contra nordestinos tem nome, sabia? e vc sabe qual Ã© e o que ela significa. tb encerrarei a discussÃ£o pq, nesse nÃ­vel aÃ­, nÃ£o tem condiÃ§Ã£o. mostrou muita coisa pra quem quer ver.",Neutro
2022-08-03 11:20:10+00:00,1554789216353140736,"@SheilaGeist @BetoAlbuquerque @cirogomes A mÃ¡quina de moer partido e novos quadros polÃ­ticos modo hard. O Danones deve estar com a pluga atrÃ¡s da orelha agora, 6 num acham?",Ciro Gomes,"   a mÃ¡quina de moer partido e novos quadros polÃ­ticos modo hard. o danones deve estar com a pluga atrÃ¡s da orelha agora, 6 num acham?",Negativo
2022-08-03 11:20:07+00:00,1554789205376638976,@AnarcoFino @cirogomes Xingamento de turma boa Ã© elogio.,Ciro Gomes,  xingamento de turma boa Ã© elogio.,Neutro
2022-08-03 11:19:49+00:00,1554789128104968196,"@cirogomes CirÃ£o, uma pergunta: qual serÃ¡ seu prÃ³ximo partido (jÃ¡ foram seis)? Vejo vÃ¡rios militantes do PDT indignados com vocÃª.
#LulaNoPrimeiroTurno",Ciro Gomes," cirÃ£o, uma pergunta: qual serÃ¡ seu prÃ³ximo partido (jÃ¡ foram seis)? vejo vÃ¡rios militantes do pdt indignados com vocÃª.",Neutro
2022-08-03 11:19:42+00:00,1554789100816924672,@cirogomes Uma legiÃ£o de endividados sem a Ãºnica coisa que lhes dÃ¡ dignidade: o nome limpo.,Ciro Gomes, uma legiÃ£o de endividados sem a Ãºnica coisa que lhes dÃ¡ dignidade: o nome limpo.,Neutro
2022-08-03 11:19:22+00:00,1554789015475437572,@rodsouza_ @AnarcoFino @cirogomes Perfeito ğŸ‘ğŸ½ğŸ‘ğŸ½ğŸ‘ğŸ½,Ciro Gomes,   perfeito ğŸ‘ğŸ½ğŸ‘ğŸ½ğŸ‘ğŸ½,Neutro
2022-08-03 11:19:07+00:00,1554788951453585409,"@cirogomes Estamos juntos, amigo.",Ciro Gomes," estamos juntos, amigo.",Neutro
2022-08-03 11:18:49+00:00,1554788875188436992,@cirogomes Bolsonaro dizia a mesma coisa. O problema Ã© q vc quer continuar com o estado inchado. Desfazer privatizaÃ§Ãµes. To fora,Ciro Gomes, bolsonaro dizia a mesma coisa. o problema Ã© q vc quer continuar com o estado inchado. desfazer privatizaÃ§Ãµes. to fora,Neutro
2022-08-03 11:18:48+00:00,1554788871698890752,"Todos aqui sabem que nos Ãºltimos meses eu tenho me engajado na campanha de Ciro e disseminado o Proj. Nac. de Desenv. No entanto, devido Ã  possibilidade de golpe e a vantagem de Lula nas pesquisas, REAFIRMO MEU VOTO EM @cirogomes, pois uma coisa nÃ£o tem nada a ver com a outra.ğŸŒ¹",Ciro Gomes,"todos aqui sabem que nos Ãºltimos meses eu tenho me engajado na campanha de ciro e disseminado o proj. nac. de desenv. no entanto, devido Ã  possibilidade de golpe e a vantagem de lula nas pesquisas, reafirmo meu voto em  pois uma coisa nÃ£o tem nada a ver com a outra.ğŸŒ¹",Negativo
2022-08-03 11:18:33+00:00,1554788811535695873,@mmdds89 @JonathasLopesPB @UOL Por isso prefiro Ciro Gomes! Esse governo aÃ­ jÃ¡ teve a chance dele.,Ciro Gomes,   por isso prefiro ciro gomes! esse governo aÃ­ jÃ¡ teve a chance dele.,Positivo
2022-08-03 11:18:28+00:00,1554788789062598657,@VitorPassos1 @AnarcoFino @cirogomes ignorou a thread inteira e veio comentar essa ğŸ’© kkkkkkk ğŸ¥€,Ciro Gomes,   ignorou a thread inteira e veio comentar essa ğŸ’© kkkkkkk ğŸ¥€,Neutro
2022-08-03 11:18:27+00:00,1554788784792866823,"@2022Enquetes Ciro Gomes, claro.",Ciro Gomes," ciro gomes, claro.",Neutro
2022-08-03 11:18:07+00:00,1554788701691158529,@UOL O Brasil nÃ£o serve pra nada na mÃ£o do sistema! Por isso vou de Ciro Gomes,Ciro Gomes, o brasil nÃ£o serve pra nada na mÃ£o do sistema! por isso vou de ciro gomes,Neutro
2022-08-03 11:18:05+00:00,1554788690374844416,"@joaogeocanhoto @MarceloFreixo @LulaOficial @_RodrigoNeves_ @cirogomes @PDT_Nacional Freixo, com certeza",Ciro Gomes,"      freixo, com certeza",Neutro
2022-08-03 11:17:59+00:00,1554788666685407233,@cirogomes Canalhas vendem atÃ© a mÃ£e por dinheiro,Ciro Gomes, canalhas vendem atÃ© a mÃ£e por dinheiro,Neutro
2022-08-03 11:17:50+00:00,1554788628311773186,@MInfames @JananaLacerda @cirogomes Kkkkkkk https://t.co/GIO2QLyCGV,Ciro Gomes,   kkkkkkk ,Neutro
2022-08-03 11:16:38+00:00,1554788328708493313,@rmespindola @JananaLacerda @cirogomes Aproveita Ã© coloca junto com esses ğŸ¤£ğŸ¤£ğŸ¤£ğŸ¤£ğŸ¤£ğŸ¤£tbm https://t.co/c0LmK7UAgU,Ciro Gomes,   aproveita Ã© coloca junto com esses ğŸ¤£ğŸ¤£ğŸ¤£ğŸ¤£ğŸ¤£ğŸ¤£tbm ,Neutro
2022-08-03 11:16:37+00:00,1554788322907652101,"@Luu_Leme @felipebastoreal @darasantanna @marakarina @cirogomes Eu li o trecho do livro dele e ele usa o espaÃ§o apenas para dizer que esses grupos nÃ£o representam necessidades universais e estao dividindo nossa sociedade. Pura baboseira, esses grupos estao organizados politicamente e isso o assusta.",Ciro Gomes,"     eu li o trecho do livro dele e ele usa o espaÃ§o apenas para dizer que esses grupos nÃ£o representam necessidades universais e estao dividindo nossa sociedade. pura baboseira, esses grupos estao organizados politicamente e isso o assusta.",Neutro
2022-08-03 11:16:08+00:00,1554788199658045443,@BrizolaMiguel @TherrienBR @Luiz_drummer_br @AlexCatx @AnarcoFino @cirogomes E Ã© por isso que a flor murcha antes de atingir dois dÃ­gitos ğŸ’ğŸ½â€â™€ï¸,Ciro Gomes,      e Ã© por isso que a flor murcha antes de atingir dois dÃ­gitos ğŸ’ğŸ½â€â™€ï¸,Neutro
2022-08-03 11:15:54+00:00,1554788144087695360,"@cirogomes VocÃª sÃ³ quer ser presidente pelo seu ego,nada mas",Ciro Gomes," vocÃª sÃ³ quer ser presidente pelo seu ego,nada mas",Neutro
2022-08-03 11:15:31+00:00,1554788046532448257,"@AndreJanonesAdv vai se juntar mesmo com a seita?

Reflita! HÃ¡ tempo.
Venha de #SenadorJanones por Minas ou atÃ© Governador apoiado por @cirogomes e o irmÃ£o @CaboDaciolo.

Como advogado Ã© adepto a Leitura, leia o PND, deixo esse convite.

NÃ£o se misture aos imundos, da polÃ­tica!",Ciro Gomes," vai se juntar mesmo com a seita?reflita! hÃ¡ tempo.venha de  por minas ou atÃ© governador apoiado por  e o irmÃ£o  advogado Ã© adepto a leitura, leia o pnd, deixo esse convite.nÃ£o se misture aos imundos, da polÃ­tica!",Neutro
2022-08-03 11:15:18+00:00,1554787993684164609,"@cirogomes Canalha, facista ğŸ¤®ğŸ˜¡",Ciro Gomes," canalha, facista ğŸ¤®ğŸ˜¡",Neutro
2022-08-03 11:15:17+00:00,1554787986268618754,@JananaLacerda @carneirothiagoo @cirogomes Eu tambÃ©m sou Ciro ğŸŒ¹ğŸŒ¹ğŸŒ¹ğŸ‘ŠğŸ‘ŠğŸ‘Š https://t.co/C7wi7dgPP8,Ciro Gomes,   eu tambÃ©m sou ciro ğŸŒ¹ğŸŒ¹ğŸŒ¹ğŸ‘ŠğŸ‘ŠğŸ‘Š ,Neutro
2022-08-03 11:15:10+00:00,1554787958699577345,"@x_will10 @semiidoso @cirogomes Nossa, vÃ©i, nem sua ignorÃ¢ncia vai te salvar.
Vc sÃ³ mandou mentira.
Lamento, mas vc precisa melhorar muito p ser um simples ignorante. Seu problema Ã© de carÃ¡ter.

Qualquer outra pessoa Ã© melhor q vc.
#PrefiroCiroPresidente12 https://t.co/yH4UR9Zser",Ciro Gomes,"   nossa, vÃ©i, nem sua ignorÃ¢ncia vai te salvar.vc sÃ³ mandou mentira.lamento, mas vc precisa melhorar muito p ser um simples ignorante. seu problema Ã© de carÃ¡ter.qualquer outra pessoa Ã© melhor q vc. ",Neutro
2022-08-03 11:15:06+00:00,1554787943172214784,"@crudinho @AnarcoFino @JorgeEustquioF1 @cirogomes Cara, em q momento -em toda a thread! - vc encontrou referencia ao PT?",Ciro Gomes,"    cara, em q momento -em toda a thread! - vc encontrou referencia ao pt?",Neutro
2022-08-03 11:14:13+00:00,1554787718009425921,"Ciro Gomes, do PDT, tem 5%; AndrÃ© Janones, do Avante, e Simone Tebet, do MDB, surgem com 2% cada. Saiba mais:

https://t.co/vTcU3OMrey",Ciro Gomes,"ciro gomes, do pdt, tem 5%; andrÃ© janones, do avante, e simone tebet, do mdb, surgem com 2% cada. saiba mais:",Neutro
2022-08-03 11:14:08+00:00,1554787698518409216,"@cirogomes Para que tÃ¡ feio Ciro, tenha alguma dignidade homem. Como enterrar uma carreira deste jeito? Lamento",Ciro Gomes," para que tÃ¡ feio ciro, tenha alguma dignidade homem. como enterrar uma carreira deste jeito? lamento",Neutro
2022-08-03 11:14:03+00:00,1554787677920165889,"@beruta @cirogomes @lugafelix JÃ¡ pensou se o JN passa uma ediÃ§Ã£o toda falando em PICANHA e CERVEJA?

Certamente, painho vai fazer a mesma coisa que o Ciro....ğŸ˜‚ğŸ˜‚ https://t.co/yBFqOpi1H8",Ciro Gomes,"   jÃ¡ pensou se o jn passa uma ediÃ§Ã£o toda falando em picanha e cerveja?certamente, painho vai fazer a mesma coisa que o ciro....ğŸ˜‚ğŸ˜‚ ",Neutro
2022-08-03 11:13:56+00:00,1554787647360565248,"@namacsan @cirogomes Amei! Letra, melodia e a sua voz doce e aveludada! Vou ouvir hoje atÃ© aprender!",Ciro Gomes,"  amei! letra, melodia e a sua voz doce e aveludada! vou ouvir hoje atÃ© aprender!",Neutro
2022-08-03 11:13:45+00:00,1554787601080541185,"Putsss. 
Que show de Mulheres.
Opssss. SÃ³ os homens brigam e batalham por 
CIRO GOMES 12 https://t.co/aD9G7dl1jb",Ciro Gomes,putsss. que show de mulheres.opssss. sÃ³ os homens brigam e batalham por ciro gomes 12 ,Neutro
